Fecha,Producto,Categoria,Cantidad,PrecioUnitario,Total,Vendedor,Region
2026-10-01,Laptop HP 15,Computadoras,2,650.0,1300.0,Ana López,Panamá
2026-10-01,Mouse Logitech,Periféricos,5,25.5,127.5,Carlos Ruiz,Colón
2026-10-02,Monitor Samsung 24,Monitores,3,180.0,540.0,Ana López,Panamá
2026-10-02,SSD 1TB,Almacenamiento,4,95.0,380.0,María Torres,Chiriquí
2026-10-03,Teclado Mecánico,Periféricos,2,75.0,150.0,Carlos Ruiz,Colón
2026-10-03,Laptop Dell XPS,Computadoras,1,1200.0,1200.0,Ana López,Panamá
2026-10-04,Mouse Logitech,Periféricos,8,25.5,204.0,María Torres,Chiriquí
2026-10-04,Monitor LG 27,Monitores,2,250.0,500.0,Carlos Ruiz,Colón
2026-10-05,SSD 1TB,Almacenamiento,6,95.0,570.0,Ana López,Panamá
2026-10-05,Laptop HP 15,Computadoras,1,650.0,650.0,María Torres,Chiriquí
2026-10-05,Teclado Mecánico,Periféricos,3,75.0,225.0,Carlos Ruiz,Colón
2026-10-05,Auriculares Sony,Audio,4,120.0,480.0,Ana López,Panamá
